{
  "ASCII Anti Aliased": true,
  "ASCII Ligatures": false,
  "Ambiguous Double Width": false,
  "Ansi 0 Color": {
    "Blue Component": 0,
    "Green Component": 0,
    "Red Component": 0
  },
  "Ansi 1 Color": {
    "Blue Component": 0,
    "Green Component": 0,
    "Red Component": 0.7333333492279053
  },
  "Ansi 10 Color": {
    "Blue Component": 0.3333333432674408,
    "Green Component": 1,
    "Red Component": 0.3333333432674408
  },
  "Ansi 11 Color": {
    "Blue Component": 0.3333333432674408,
    "Green Component": 1,
    "Red Component": 1
  },
  "Ansi 12 Color": {
    "Blue Component": 1,
    "Green Component": 0.3333333432674408,
    "Red Component": 0.3333333432674408
  },
  "Ansi 13 Color": {
    "Blue Component": 1,
    "Green Component": 0.3333333432674408,
    "Red Component": 1
  },
  "Ansi 14 Color": {
    "Blue Component": 1,
    "Green Component": 1,
    "Red Component": 0.3333333432674408
  },
  "Ansi 15 Color": {
    "Blue Component": 1,
    "Green Component": 1,
    "Red Component": 1
  },
  "Ansi 2 Color": {
    "Blue Component": 0,
    "Green Component": 0.7333333492279053,
    "Red Component": 0
  },
  "Ansi 3 Color": {
    "Blue Component": 0,
    "Green Component": 0.7333333492279053,
    "Red Component": 0.7333333492279053
  },
  "Ansi 4 Color": {
    "Blue Component": 0.7333333492279053,
    "Green Component": 0,
    "Red Component": 0
  },
  "Ansi 5 Color": {
    "Blue Component": 0.7333333492279053,
    "Green Component": 0,
    "Red Component": 0.7333333492279053
  },
  "Ansi 6 Color": {
    "Blue Component": 0.7333333492279053,
    "Green Component": 0.7333333492279053,
    "Red Component": 0
  },
  "Ansi 7 Color": {
    "Blue Component": 0.7333333492279053,
    "Green Component": 0.7333333492279053,
    "Red Component": 0.7333333492279053
  },
  "Ansi 8 Color": {
    "Blue Component": 0.3333333432674408,
    "Green Component": 0.3333333432674408,
    "Red Component": 0.3333333432674408
  },
  "Ansi 9 Color": {
    "Blue Component": 0.3333333432674408,
    "Green Component": 0.3333333432674408,
    "Red Component": 1
  },
  "BM Growl": true,
  "Background Color": {
    "Blue Component": 0,
    "Green Component": 0,
    "Red Component": 0
  },
  "Background Image Location": "",
  "Badge Color": {
    "Alpha Component": 0.5,
    "Blue Component": 0,
    "Color Space": "sRGB",
    "Green Component": 0.1491314172744751,
    "Red Component": 1
  },
  "Blinking Cursor": true,
  "Blur": false,
  "Bold Color": {
    "Blue Component": 1,
    "Green Component": 1,
    "Red Component": 1
  },
  "Bound Hosts": ["abarrows@localhost:*/Users/abarrows"],
  "Character Encoding": 4,
  "Close Sessions On End": true,
  "Columns": 80,
  "Command": "",
  "Cursor Boost": 0,
  "Cursor Color": {
    "Blue Component": 0.7333333492279053,
    "Green Component": 0.7333333492279053,
    "Red Component": 0.7333333492279053
  },
  "Cursor Guide Color": {
    "Alpha Component": 0.25,
    "Blue Component": 1,
    "Color Space": "sRGB",
    "Green Component": 0.9268307089805603,
    "Red Component": 0.7021318674087524
  },
  "Cursor Text Color": {
    "Blue Component": 1,
    "Green Component": 1,
    "Red Component": 1
  },
  "Custom Command": "No",
  "Custom Directory": "No",
  "Default Bookmark": "No",
  "Description": "Default",
  "Disable Window Resizing": true,
  "Flashing Bell": false,
  "Foreground Color": {
    "Blue Component": 0.7333333492279053,
    "Green Component": 0.7333333492279053,
    "Red Component": 0.7333333492279053
  },
  "Guid": "1480332A-9F73-4753-9D77-A0854425B292",
  "Horizontal Spacing": 1,
  "Icon": 0,
  "Idle Code": 0,
  "Jobs to Ignore": ["rlogin", "ssh", "slogin", "telnet"],
  "Keyboard Map": {},
  "Left Option Key Changeable": false,
  "Link Color": {
    "Alpha Component": 1,
    "Blue Component": 0.734233021736145,
    "Color Space": "sRGB",
    "Green Component": 0.3591606020927429,
    "Red Component": 0
  },
  "Minimum Contrast": 0,
  "Mouse Reporting": true,
  "Name": "abarrows",
  "Non Ascii Font": "Hack-Regular 12",
  "Non-ASCII Anti Aliased": true,
  "Non-ASCII Ligatures": true,
  "Normal Font": "Hack-Regular 16",
  "Only The Default BG Color Uses Transparency": false,
  "Option Key Sends": 0,
  "Prompt Before Closing 2": false,
  "Right Option Key Sends": 0,
  "Rows": 25,
  "Screen": 1,
  "Scrollback Lines": 1000,
  "Selected Text Color": {
    "Blue Component": 0,
    "Green Component": 0,
    "Red Component": 0
  },
  "Selection Color": {
    "Blue Component": 1,
    "Green Component": 0.8353000283241272,
    "Red Component": 0.7098000049591064
  },
  "Send Code When Idle": false,
  "Shortcut": "",
  "Show Status Bar": true,
  "Silence Bell": false,
  "Space": 0,
  "Status Bar Layout": {
    "advanced configuration": {
      "algorithm": 0,
      "auto-rainbow style": 0,
      "background color": {
        "Alpha Component": 1,
        "Blue Component": 0,
        "Color Space": "sRGB",
        "Green Component": 0,
        "Red Component": 0
      },
      "font": "FiraCode-Light 12"
    },
    "components": [
      {
        "class": "iTermStatusBarWorkingDirectoryComponent",
        "configuration": {
          "knobs": {
            "base: compression resistance": 1,
            "base: priority": 5,
            "maxwidth": 1.7976931348623157e308,
            "minwidth": 0,
            "path": "path"
          },
          "layout advanced configuration dictionary value": {
            "algorithm": 0,
            "auto-rainbow style": 0,
            "background color": {
              "Alpha Component": 1,
              "Blue Component": 0,
              "Color Space": "sRGB",
              "Green Component": 0,
              "Red Component": 0
            },
            "font": "FiraCode-Light 12"
          }
        }
      },
      {
        "class": "iTermStatusBarUsernameComponent",
        "configuration": {
          "knobs": {
            "base: compression resistance": 1,
            "base: priority": 5,
            "path": "username",
            "shared text color": {
              "Alpha Component": 1,
              "Blue Component": 0.63,
              "Color Space": "sRGB",
              "Green Component": 0.8325,
              "Red Component": 0.9
            }
          },
          "layout advanced configuration dictionary value": {
            "algorithm": 0,
            "auto-rainbow style": 0,
            "background color": {
              "Alpha Component": 1,
              "Blue Component": 0,
              "Color Space": "sRGB",
              "Green Component": 0,
              "Red Component": 0
            },
            "font": "FiraCode-Light 12"
          }
        }
      },
      {
        "class": "iTermStatusBarGitComponent",
        "configuration": {
          "knobs": {
            "base: compression resistance": 1,
            "base: priority": 5,
            "iTermStatusBarGitComponentPollingIntervalKey": 2,
            "maxwidth": 1.7976931348623157e308,
            "minwidth": 0,
            "shared text color": {
              "Alpha Component": 1,
              "Blue Component": 0.63,
              "Color Space": "sRGB",
              "Green Component": 0.9,
              "Red Component": 0.765
            }
          },
          "layout advanced configuration dictionary value": {
            "algorithm": 0,
            "auto-rainbow style": 0,
            "background color": {
              "Alpha Component": 1,
              "Blue Component": 0,
              "Color Space": "sRGB",
              "Green Component": 0,
              "Red Component": 0
            },
            "font": "FiraCode-Light 12"
          }
        }
      },
      {
        "class": "iTermStatusBarJobComponent",
        "configuration": {
          "knobs": {
            "base: compression resistance": 1,
            "base: priority": 5,
            "maxwidth": 1.7976931348623157e308,
            "minwidth": 0,